group,unit,task,n_pos,n_neg,auroc,auroc_level_only,seed_min,seed_max,n_oracle,auroc_oracle_presence,ci_lo,ci_hi,n_patients
heldout,mass,changed_vs_stable,27,213,0.5063467223091637,0.47522170057381324,0.4284472265692923,0.514171448443749,194.0,0.4298245614035088,0.37125141965706904,0.6317170173596672,153.0
heldout,mass,resolved_vs_stable,11,213,0.44472897994024757,0.7848911651728553,0.43363209560392657,0.46180110968843363,181.0,0.5701754385964912,0.24355359777949548,0.6749811320754715,142.0
heldout,mass,anychange_vs_stable,38,213,0.5084012849023969,0.3999258710155671,0.4415616506053867,0.5060538670620213,204.0,0.4298245614035088,0.40515605805170024,0.6066406851538161,163.0
heldout,mass,new_vs_notnew(silver),264,251,0.6573856090788361,0.46595436436073884,0.6319872027043342,0.6585778099722323,410.0,0.8877784123358081,0.6088810739278829,0.7026443172538863,355.0
heldout,calc,changed_vs_stable,17,342,0.3857929136566908,0.36584107327141385,0.3802889576883385,0.3933608531131751,325.0,0.40018203883495146,0.24531979166666665,0.5348044853128376,195.0
heldout,calc,resolved_vs_stable,4,342,0.6081871345029239,0.5073099415204678,0.5614035087719298,0.6513157894736842,313.0,0.6310679611650486,,,
heldout,calc,anychange_vs_stable,21,342,0.4216095795043163,0.39000278473962685,0.3965469228627123,0.43636869952659424,329.0,0.3939320388349515,0.2909007711960915,0.5518624967408566,198.0
heldout,calc,new_vs_notnew(silver),324,363,0.49957487331224704,0.33833282318130803,0.4934785566098697,0.516707478828691,594.0,0.8414176750587831,0.459253957963623,0.5409898534495562,431.0
heldout,asymmetry,changed_vs_stable,63,173,0.5286723552619507,0.49059546747408017,0.49903660886319845,0.5287641067987888,203.0,0.33793103448275863,0.4386055216913184,0.6153806242541395,169.0
heldout,asymmetry,resolved_vs_stable,83,173,0.519534786545024,0.5597882860923462,0.511525872275228,0.5378508252663835,227.0,0.6620689655172414,0.44236302407507666,0.6030143343731669,204.0
heldout,asymmetry,anychange_vs_stable,146,173,0.5425211814078708,0.46195264866576924,0.47192968564415233,0.5366616517538998,285.0,0.33793103448275863,0.4777805051899255,0.6079344886306721,244.0
heldout,asymmetry,new_vs_notnew(silver),700,319,0.5608911777877296,0.4406269592476489,0.5399328257948948,0.5741558441558442,896.0,0.910178884199041,0.525438260379346,0.5990424080296017,847.0
heldout,distortion,changed_vs_stable,10,3,0.36666666666666664,0.26666666666666666,0.26666666666666666,0.5666666666666667,13.0,0.5,,,
heldout,distortion,resolved_vs_stable,5,3,0.3333333333333333,0.8666666666666667,0.26666666666666666,0.6,8.0,0.5,,,
heldout,distortion,anychange_vs_stable,15,3,0.4,0.2222222222222222,0.3111111111111111,0.5777777777777777,18.0,0.5,,,
heldout,distortion,new_vs_notnew(silver),104,18,0.45405982905982906,0.4636752136752137,0.40411324786324787,0.5101495726495726,108.0,1.0,0.307136885498536,0.5832443572562158,112.0
heldout,pooled,changed_vs_stable,108,674,0.4786240246180899,0.4388531706780965,0.4453373997142543,0.49042477195296186,698.0,0.37817237483347665,0.41027340486815805,0.5478089324914152,469.0
heldout,pooled,resolved_vs_stable,94,674,0.49458614811541135,0.6364353810215292,0.47119451985605154,0.502193951638361,693.0,0.6176961602671118,0.43066566461803807,0.5558259167111267,473.0
heldout,pooled,anychange_vs_stable,202,674,0.4499735581866792,0.4038179040455974,0.4289302817522108,0.4448835091224256,792.0,0.37571254335810117,0.40279302034004655,0.4965526129428912,545.0
heldout,pooled,new_vs_notnew(silver),1322,863,0.5202807291876664,0.40605985172927006,0.5074591151087838,0.5227152406112442,1911.0,0.8824491600353669,0.4951208382133606,0.5435609636794141,1505.0
val,mass,changed_vs_stable,3,6,0.7222222222222222,0.3333333333333333,0.5,0.8333333333333334,6.0,0.5,,,
val,mass,resolved_vs_stable,1,6,0.5,1.0,0.5,0.8333333333333334,6.0,0.5,,,
val,mass,anychange_vs_stable,4,6,0.6666666666666666,0.25,0.5,0.8333333333333334,7.0,0.5,,,
val,mass,new_vs_notnew(silver),57,10,0.6789473684210526,0.4631578947368421,0.6228070175438597,0.7350877192982456,53.0,0.9456521739130435,0.48272669220945086,0.8508212553575457,53.0
val,calc,changed_vs_stable,7,19,0.6541353383458647,0.5714285714285714,0.5413533834586466,0.7518796992481203,25.0,0.5043859649122807,0.3245748299319728,0.869125939849624,20.0
val,calc,resolved_vs_stable,0,19,,,,,,,,,
val,calc,anychange_vs_stable,7,19,0.6541353383458647,0.5714285714285714,0.5413533834586466,0.7518796992481203,25.0,0.5043859649122807,0.3161524936061381,0.8858719488939741,20.0
val,calc,new_vs_notnew(silver),67,26,0.5011481056257175,0.45464982778415614,0.4580941446613088,0.5700344431687715,78.0,0.92,0.36884831925815537,0.6458559782608696,68.0
val,asymmetry,changed_vs_stable,10,13,0.3923076923076923,0.5153846153846153,0.23076923076923078,0.4307692307692308,19.0,0.5,0.15903520499108734,0.6539062499999999,20.0
val,asymmetry,resolved_vs_stable,7,13,0.6703296703296703,0.5274725274725275,0.6043956043956044,0.6923076923076923,16.0,0.5,0.3998901098901099,0.8947368421052632,19.0
val,asymmetry,anychange_vs_stable,17,13,0.4343891402714932,0.497737556561086,0.3076923076923077,0.43891402714932126,26.0,0.5,0.22667506105006108,0.6555693815987933,27.0
val,asymmetry,new_vs_notnew(silver),96,30,0.503125,0.3940972222222222,0.4822916666666667,0.5114583333333333,104.0,1.0,0.383643690860672,0.6282385784428337,108.0
val,distortion,changed_vs_stable,0,0,,,,,,,,,
val,distortion,resolved_vs_stable,0,0,,,,,,,,,
val,distortion,anychange_vs_stable,0,0,,,,,,,,,
val,distortion,new_vs_notnew(silver),21,0,,,,,,,,,
val,pooled,changed_vs_stable,20,38,0.5736842105263158,0.4842105263157895,0.49736842105263157,0.6,50.0,0.4839572192513369,0.3859446410143004,0.7411934247383164,48.0
val,pooled,resolved_vs_stable,8,38,0.5921052631578947,0.631578947368421,0.5427631578947368,0.6282894736842105,41.0,0.5454545454545454,0.3640625,0.7805244819365487,38.0
val,pooled,anychange_vs_stable,28,38,0.5328947368421053,0.45112781954887216,0.46522556390977443,0.5451127819548872,58.0,0.47454545454545455,0.36298777630415563,0.6871303053035986,56.0
val,pooled,new_vs_notnew(silver),231,66,0.5328610783156238,0.4333595697232061,0.5032139577594124,0.5480125934671389,248.0,0.9497277676950998,0.4499827188940092,0.6160177334719283,219.0
test,mass,changed_vs_stable,6,25,0.46,0.7666666666666667,0.43333333333333335,0.5266666666666666,30.0,0.5,0.1916421568627451,0.7333854166666666,21.0
test,mass,resolved_vs_stable,0,25,,,,,,,,,
test,mass,anychange_vs_stable,6,25,0.46,0.7666666666666667,0.43333333333333335,0.5266666666666666,30.0,0.5,0.2,0.7071726190476191,21.0
test,mass,new_vs_notnew(silver),80,31,0.7338709677419355,0.43629032258064515,0.7,0.7322580645161291,90.0,0.9583333333333334,0.6304610621521335,0.8280175076262647,83.0
test,calc,changed_vs_stable,4,16,0.203125,0.171875,0.046875,0.28125,20.0,0.4375,,,
test,calc,resolved_vs_stable,1,16,0.5625,0.0,0.3125,0.6875,17.0,0.5625,,,
test,calc,anychange_vs_stable,5,16,0.3375,0.3375,0.2375,0.4,21.0,0.4375,0.027500000000000004,0.6744704570791529,15.0
test,calc,new_vs_notnew(silver),77,21,0.47371675943104513,0.26777983920841064,0.42115027829313545,0.5504019789734076,87.0,0.9523809523809523,0.3332799145299145,0.6073400286944045,80.0
test,asymmetry,changed_vs_stable,27,23,0.5426731078904992,0.38003220611916266,0.5458937198067633,0.6264090177133655,48.0,0.3695652173913043,0.3787824675324675,0.7146269499178982,37.0
test,asymmetry,resolved_vs_stable,11,23,0.7035573122529645,0.7509881422924901,0.6126482213438735,0.7509881422924901,34.0,0.6304347826086957,0.49089126559714796,0.8935805555555555,29.0
test,asymmetry,anychange_vs_stable,38,23,0.5377574370709383,0.34210526315789475,0.5377574370709383,0.5846681922196796,59.0,0.3695652173913043,0.38176461874795686,0.6852696518588531,46.0
test,asymmetry,new_vs_notnew(silver),140,61,0.5264637002341921,0.36311475409836064,0.5174473067915691,0.5388758782201405,184.0,0.9451525423728814,0.4407673697592362,0.6072579805171566,164.0
test,distortion,changed_vs_stable,5,1,0.2,0.6,0.2,0.6,6.0,0.5,,,
test,distortion,resolved_vs_stable,1,1,0.0,0.0,0.0,0.0,2.0,,,,
test,distortion,anychange_vs_stable,6,1,0.3333333333333333,0.6666666666666666,0.3333333333333333,0.6666666666666666,7.0,0.5,,,
test,distortion,new_vs_notnew(silver),29,7,0.4039408866995074,0.3103448275862069,0.4187192118226601,0.5221674876847291,31.0,1.0,0.16657088122605362,0.6553356038030366,34.0
test,pooled,changed_vs_stable,42,61,0.4820452771272443,0.4309133489461358,0.44769711163153786,0.5281030444964872,100.0,0.4344262295081967,0.3584076490943267,0.602292663476874,73.0
test,pooled,resolved_vs_stable,12,61,0.4972677595628415,0.7240437158469946,0.4385245901639344,0.5355191256830601,73.0,0.5655737704918032,0.32450817700817697,0.6603574810606061,53.0
test,pooled,anychange_vs_stable,54,61,0.4465695203400121,0.39647844565877355,0.4201578627808136,0.4890710382513661,112.0,0.4344262295081967,0.33808049296598713,0.5535243076092743,83.0
test,pooled,new_vs_notnew(silver),309,115,0.516729984522302,0.3602926691993809,0.5016462642465175,0.5311101730688054,373.0,0.9508757525998905,0.45386276954059374,0.577624951835641,324.0
test_embed_ge,mass,changed_vs_stable,14,171,0.5267335004177109,0.36257309941520466,0.43817878028404345,0.5401002506265664,143.0,0.4346153846153846,0.32517190065681445,0.7462702684742157,114.0
test_embed_ge,mass,resolved_vs_stable,10,171,0.4251461988304094,0.7672514619883041,0.4233918128654971,0.44853801169590646,139.0,0.5653846153846154,0.23519710502001848,0.6703990528990529,113.0
test_embed_ge,mass,anychange_vs_stable,24,171,0.5255847953216374,0.3084795321637427,0.44639376218323584,0.5048732943469786,152.0,0.4346153846153846,0.3738837074922799,0.6651993347338935,123.0
test_embed_ge,mass,new_vs_notnew(silver),115,195,0.6415161649944259,0.48740245261984394,0.6264882943143812,0.6383946488294314,240.0,0.8758971291866029,0.576357913291154,0.7082966818529375,199.0
test_embed_ge,calc,changed_vs_stable,6,281,0.25622775800711745,0.3529062870699881,0.22241992882562278,0.34638196915776986,258.0,0.3630952380952381,0.07820891514500537,0.4690876135569532,146.0
test_embed_ge,calc,resolved_vs_stable,3,281,0.6393831553973903,0.6690391459074733,0.5563463819691578,0.701067615658363,255.0,0.6369047619047619,,,
test_embed_ge,calc,anychange_vs_stable,9,281,0.31751680506128904,0.34559114274416763,0.23092131277184658,0.3902728351126928,261.0,0.3630952380952381,0.14413472612397343,0.45862717326931035,148.0
test_embed_ge,calc,new_vs_notnew(silver),165,290,0.5130198537095089,0.35582027168234065,0.5180773249738767,0.5318495297805642,393.0,0.7996342737722049,0.46168987844700216,0.5629387880573563,256.0
test_embed_ge,asymmetry,changed_vs_stable,21,132,0.5761183261183261,0.5544733044733045,0.5115440115440115,0.5923520923520924,126.0,0.3194444444444444,0.42219043645827126,0.7351023493066471,103.0
test_embed_ge,asymmetry,resolved_vs_stable,65,132,0.4723776223776224,0.5355477855477856,0.4789044289044289,0.48764568764568766,172.0,0.6805555555555556,0.38482492092405884,0.5640640013303296,151.0
test_embed_ge,asymmetry,anychange_vs_stable,86,132,0.5762861169837914,0.48643410852713176,0.46485200845665964,0.5717054263565892,190.0,0.3194444444444444,0.49293066145060305,0.6568969244674614,162.0
test_embed_ge,asymmetry,new_vs_notnew(silver),400,218,0.5744266055045871,0.46926605504587154,0.5517889908256881,0.5918692660550459,536.0,0.8858077274110131,0.5278364230647977,0.6208439330824025,512.0
test_embed_ge,distortion,changed_vs_stable,5,2,0.3,0.1,0.3,0.5,7.0,0.5,,,
test_embed_ge,distortion,resolved_vs_stable,4,2,0.125,1.0,0.25,0.625,6.0,0.5,,,
test_embed_ge,distortion,anychange_vs_stable,9,2,0.3888888888888889,0.05555555555555555,0.3333333333333333,0.5555555555555556,11.0,0.5,,,
test_embed_ge,distortion,new_vs_notnew(silver),44,11,0.4628099173553719,0.5723140495867769,0.371900826446281,0.518595041322314,50.0,1.0,0.29164450354609933,0.6433821497651284,47.0
test_embed_ge,pooled,changed_vs_stable,38,535,0.49331037875061484,0.4149040826364978,0.4588293162813576,0.479390063944909,503.0,0.36538461538461536,0.3928913264655709,0.600842025763794,317.0
test_embed_ge,pooled,resolved_vs_stable,74,535,0.4802475372568831,0.6191715079565547,0.45253851982823945,0.49389997474109626,542.0,0.6228632478632479,0.40926117530260625,0.5520034563161231,356.0
test_embed_ge,pooled,anychange_vs_stable,112,535,0.45722630173564754,0.3923898531375167,0.41964285714285715,0.4397196261682243,577.0,0.36538461538461536,0.39877213864320477,0.5217055063529883,375.0
test_embed_ge,pooled,new_vs_notnew(silver),687,634,0.5224838023868233,0.43047768609461884,0.5101823408133934,0.5261905417877757,1154.0,0.8591808525023664,0.4911324351317259,0.5518491712086072,856.0
test_embed_fuji,mass,changed_vs_stable,4,11,0.5,0.4318181818181818,0.20454545454545456,0.6818181818181818,15.0,0.18181818181818182,,,
test_embed_fuji,mass,resolved_vs_stable,0,11,,,,,,,,,
test_embed_fuji,mass,anychange_vs_stable,4,11,0.5,0.4318181818181818,0.20454545454545456,0.6818181818181818,15.0,0.18181818181818182,,,
test_embed_fuji,mass,new_vs_notnew(silver),12,15,0.7222222222222222,0.4111111111111111,0.65,0.8333333333333334,27.0,0.7666666666666667,0.535873195432019,0.8778030303030303,20.0
test_embed_fuji,calc,changed_vs_stable,0,26,,,,,,,,,
test_embed_fuji,calc,resolved_vs_stable,0,26,,,,,,,,,
test_embed_fuji,calc,anychange_vs_stable,0,26,,,,,,,,,
test_embed_fuji,calc,new_vs_notnew(silver),15,26,0.37948717948717947,0.2205128205128205,0.3230769230769231,0.46153846153846156,36.0,0.8409090909090909,0.20715886486346846,0.5781939338235293,27.0
test_embed_fuji,asymmetry,changed_vs_stable,5,5,0.16,0.36,0.04,0.48,10.0,0.3,0.0,0.5,9.0
test_embed_fuji,asymmetry,resolved_vs_stable,0,5,,,,,,,,,
test_embed_fuji,asymmetry,anychange_vs_stable,5,5,0.16,0.36,0.04,0.48,10.0,0.3,0.0,0.5335714285714286,9.0
test_embed_fuji,asymmetry,new_vs_notnew(silver),64,10,0.5640625,0.515625,0.503125,0.615625,72.0,0.9,0.3486107610887097,0.7500224014336917,63.0
test_embed_fuji,distortion,changed_vs_stable,0,0,,,,,,,,,
test_embed_fuji,distortion,resolved_vs_stable,0,0,,,,,,,,,
test_embed_fuji,distortion,anychange_vs_stable,0,0,,,,,,,,,
test_embed_fuji,distortion,new_vs_notnew(silver),10,0,,,,,,,,,
test_embed_fuji,pooled,changed_vs_stable,8,40,0.353125,0.409375,0.25625,0.490625,45.0,0.2972972972972973,0.09717592592592593,0.6396174477696217,31.0
test_embed_fuji,pooled,resolved_vs_stable,0,40,,,,,,,,,
test_embed_fuji,pooled,anychange_vs_stable,8,40,0.353125,0.409375,0.25625,0.490625,45.0,0.2972972972972973,0.0788961038961039,0.638570478723404,31.0
test_embed_fuji,pooled,new_vs_notnew(silver),95,48,0.4918859649122807,0.3489035087719298,0.44978070175438595,0.5114035087719299,136.0,0.8278388278388278,0.39989220279018733,0.5796300742317276,106.0
train(seen by static model),mass,changed_vs_stable,24,108,0.5069444444444444,0.28703703703703703,0.5165895061728395,0.5513117283950617,117.0,0.45789473684210524,0.36252705027641424,0.6568330593106808,92.0
train(seen by static model),mass,resolved_vs_stable,3,108,0.32407407407407407,0.6203703703703703,0.16358024691358025,0.35802469135802467,97.0,0.5421052631578948,,,
train(seen by static model),mass,anychange_vs_stable,27,108,0.5438957475994513,0.29732510288065844,0.551440329218107,0.5802469135802469,119.0,0.45789473684210524,0.41141955266955266,0.6823664907504696,95.0
train(seen by static model),mass,new_vs_notnew(silver),445,135,0.718468580940491,0.4216562630045776,0.6860757386600084,0.7120599250936329,484.0,0.8965235409232186,0.6749858090174636,0.764868742311265,414.0
train(seen by static model),calc,changed_vs_stable,32,155,0.4276209677419355,0.5054435483870968,0.43911290322580643,0.47258064516129034,177.0,0.4489795918367347,0.31848767358402247,0.5419319058641975,127.0
train(seen by static model),calc,resolved_vs_stable,2,155,0.4838709677419355,0.7387096774193549,0.3225806451612903,0.5483870967741935,148.0,0.5510204081632653,,,
train(seen by static model),calc,anychange_vs_stable,34,155,0.42333965844402277,0.49108159392789374,0.4278937381404175,0.4603415559772296,178.0,0.4489795918367347,0.3175208196440305,0.5309891769148432,129.0
train(seen by static model),calc,new_vs_notnew(silver),441,189,0.6208592784556504,0.26539010665994794,0.5661255683931421,0.6252024619371558,530.0,0.9408197139938713,0.5767177082632374,0.6685348567704472,474.0
train(seen by static model),asymmetry,changed_vs_stable,139,86,0.4979923038313535,0.3715074452066254,0.4917182533043333,0.5889242094696336,209.0,0.46835443037974683,0.419827756282369,0.5755662490100687,177.0
train(seen by static model),asymmetry,resolved_vs_stable,55,86,0.5249471458773785,0.6940803382663848,0.4835095137420719,0.553276955602537,130.0,0.5316455696202531,0.42955051643648673,0.6180421803447809,126.0
train(seen by static model),asymmetry,anychange_vs_stable,194,86,0.5003596259889714,0.3529129705106689,0.4899304723087988,0.5965595780388396,260.0,0.46835443037974683,0.4335210166356346,0.5732410356387252,228.0
train(seen by static model),asymmetry,new_vs_notnew(silver),782,280,0.64697661673365,0.3706750091340884,0.6249177932042382,0.6340632992327365,951.0,0.9845959033730379,0.6099079848811212,0.6830402652301417,890.0
train(seen by static model),distortion,changed_vs_stable,9,7,0.5714285714285714,0.47619047619047616,0.5238095238095238,0.6031746031746031,14.0,0.5,0.24424242424242423,0.8769230769230769,14.0
train(seen by static model),distortion,resolved_vs_stable,7,7,0.42857142857142855,0.7142857142857143,0.3469387755102041,0.5714285714285714,13.0,0.5,0.1,0.7334013605442176,14.0
train(seen by static model),distortion,anychange_vs_stable,16,7,0.5267857142857143,0.39285714285714285,0.5178571428571429,0.5446428571428571,21.0,0.5,0.22052807486631015,0.8026415470494418,21.0
train(seen by static model),distortion,new_vs_notnew(silver),161,23,0.4912233324331623,0.261409667836889,0.500945179584121,0.5806103159600324,147.0,1.0,0.34240542497875337,0.655666812644585,170.0
train(seen by static model),pooled,changed_vs_stable,200,337,0.4341691394658754,0.3560682492581602,0.423813056379822,0.4505637982195846,500.0,0.45527156549520764,0.37965281387202227,0.49156828528828594,381.0
train(seen by static model),pooled,resolved_vs_stable,63,337,0.5006829635909754,0.728557298290236,0.45730300032970655,0.5079365079365079,372.0,0.5415335463258786,0.42048137964603166,0.5774507582297421,296.0
train(seen by static model),pooled,anychange_vs_stable,263,337,0.4293193126558428,0.3357967302636775,0.4172919181776128,0.450350328891697,559.0,0.45527156549520764,0.3782591472705211,0.4820891726641155,439.0
train(seen by static model),pooled,new_vs_notnew(silver),1768,599,0.5930953927737783,0.3642033479630455,0.5646632962932188,0.5928791575703095,2048.0,0.9522497654614996,0.5675183745011032,0.6187553667352179,1735.0
