arm,split,unit,task,n_pos,n_neg,auroc_true,auroc_shuf,auroc_ident,delta_true_minus_shuf,d_lo,d_hi,meanP_true,meanP_shuf,meanP_ident
CB,test,mass,changed_vs_stable,6,25,0.4533333333333333,0.52,0.38666666666666666,-0.06666666666666671,-0.24792799792799788,0.08603077493511306,0.22404907643795013,0.23531727492809296,0.19667349755764008
CB,test,mass,anychange_vs_stable,6,25,0.44666666666666666,0.5466666666666666,0.3933333333333333,-0.09999999999999998,-0.2609030100334448,0.04772256728778458,0.24072860181331635,0.39614009857177734,0.21634995937347412
CB,test,mass,new_vs_notnew(silver),80,31,0.8064516129032258,0.6060483870967742,0.5935483870967742,0.20040322580645153,0.02231695670628182,0.3688728113770165,0.8824788928031921,0.903952956199646,0.7967417240142822
CB,test,calc,anychange_vs_stable,5,16,0.6125,0.7625,0.6375,-0.1499999999999999,-0.4444444444444444,0.11764705882352933,0.3006872236728668,0.4307797849178314,0.2819402813911438
CB,test,calc,new_vs_notnew(silver),77,21,0.7656153370439085,0.655534941249227,0.7736549165120594,0.11008039579468154,-0.05643903265999216,0.2661701408450704,0.8727973699569702,0.872359037399292,0.8726633191108704
CB,test,asymmetry,changed_vs_stable,27,23,0.5394524959742351,0.6409017713365539,0.46537842190016104,-0.10144927536231885,-0.2771650326797386,0.09204233409610978,0.5201258659362793,0.503868579864502,0.5009098649024963
CB,test,asymmetry,resolved_vs_stable,11,23,0.7391304347826086,0.3359683794466403,0.758893280632411,0.40316205533596833,0.18225481415136593,0.6144047619047617,0.3785460293292999,0.23839116096496582,0.373007208108902
CB,test,asymmetry,anychange_vs_stable,38,23,0.597254004576659,0.5537757437070938,0.5983981693363845,0.04347826086956519,-0.087229538639771,0.1661666666666666,0.745739758014679,0.7466539740562439,0.7508575320243835
CB,test,asymmetry,new_vs_notnew(silver),140,61,0.7496487119437939,0.6436768149882904,0.7231850117096019,0.10597189695550346,0.016895252495777682,0.19329504985585644,0.8719399571418762,0.8326459527015686,0.8524131774902344
CB,test,distortion,new_vs_notnew(silver),29,7,0.6945812807881774,0.6847290640394089,0.812807881773399,0.009852216748768461,-0.15229012345679022,0.21839978448275857,0.9844294786453247,0.9737043976783752,0.9485918283462524
CB,test,pooled,changed_vs_stable,42,61,0.5035128805620609,0.5956284153005464,0.4644808743169399,-0.09211553473848555,-0.21437458686559055,0.03494772731787743,0.36529916524887085,0.3971002697944641,0.3368563950061798
CB,test,pooled,resolved_vs_stable,12,61,0.8101092896174863,0.5560109289617486,0.7978142076502732,0.25409836065573765,0.10558729686037605,0.3997664616085668,0.30492672324180603,0.20684969425201416,0.31823107600212097
CB,test,pooled,anychange_vs_stable,54,61,0.5798421372191864,0.639344262295082,0.550394656952034,-0.059502125075895584,-0.15321544131555306,0.03370748987854246,0.5489209294319153,0.6042055487632751,0.5365272164344788
CB,test,pooled,new_vs_notnew(silver),309,115,0.7407626283945405,0.5609117771211481,0.6922189390741522,0.1798508512733924,0.10366083156660612,0.25271211570287067,0.8623310327529907,0.8280449509620667,0.8339146375656128
CB,test_embed_ge,mass,changed_vs_stable,14,171,0.5346700083542189,0.5292397660818714,0.6077694235588973,0.005430242272347452,-0.1171253071253071,0.1309554075867635,0.23100094497203827,0.2204016149044037,0.31822553277015686
CB,test_embed_ge,mass,resolved_vs_stable,10,171,0.45730994152046783,0.36257309941520466,0.4269005847953216,0.09473684210526317,-0.030807163154571205,0.2114534161490683,0.03385680913925171,0.03243417292833328,0.016909660771489143
CB,test_embed_ge,mass,anychange_vs_stable,24,171,0.6098927875243665,0.5409356725146199,0.6101364522417154,0.06895711500974655,-0.03575812340270169,0.17886477044284987,0.29978951811790466,0.2809603214263916,0.3176639974117279
CB,test_embed_ge,mass,new_vs_notnew(silver),115,195,0.6832552954292085,0.5069788182831662,0.530345596432553,0.17627647714604233,0.08999768444586391,0.26886973073400205,0.859681248664856,0.8756186962127686,0.7765889763832092
CB,test_embed_ge,calc,changed_vs_stable,6,281,0.6204033214709371,0.6933570581257414,0.5575326215895611,-0.07295373665480431,-0.17203186325139433,0.033404786853404145,0.18770736455917358,0.3380887806415558,0.2120429277420044
CB,test_embed_ge,calc,anychange_vs_stable,9,281,0.4926848556741795,0.594306049822064,0.4586793198892843,-0.10162119414788451,-0.2022176249262246,0.004438936877076396,0.1414584368467331,0.2750580906867981,0.16192682087421417
CB,test_embed_ge,calc,new_vs_notnew(silver),165,290,0.6365726227795193,0.49122257053291535,0.6366980146290491,0.14535005224660397,0.07535250220757957,0.21768551447437637,0.7851706743240356,0.7601332068443298,0.7665218710899353
CB,test_embed_ge,asymmetry,changed_vs_stable,21,132,0.5061327561327561,0.5458152958152959,0.5183982683982684,-0.039682539682539764,-0.1348195585148824,0.04665799093739576,0.42635753750801086,0.4293154776096344,0.42703700065612793
CB,test_embed_ge,asymmetry,resolved_vs_stable,65,132,0.5920745920745921,0.5435897435897435,0.5667832167832167,0.048484848484848575,-0.049071324005921756,0.14176509708775722,0.3175996243953705,0.3067818582057953,0.311412513256073
CB,test_embed_ge,asymmetry,anychange_vs_stable,86,132,0.5068710359408034,0.46740662438336855,0.49841437632135305,0.03946441155743485,-0.017690797886162516,0.09645731262758821,0.6832309365272522,0.6757559776306152,0.6857548356056213
CB,test_embed_ge,asymmetry,new_vs_notnew(silver),400,218,0.601295871559633,0.538795871559633,0.5528669724770642,0.0625,-0.0023782256560129452,0.12512748040761384,0.8215939402580261,0.7862346172332764,0.7851947546005249
CB,test_embed_ge,distortion,new_vs_notnew(silver),44,11,0.4256198347107438,0.71900826446281,0.4855371900826446,-0.29338842975206614,-0.527340425531915,-0.026187888198757784,0.9583277106285095,0.9838979840278625,0.9622697830200195
CB,test_embed_ge,pooled,changed_vs_stable,38,535,0.6562715199212986,0.6202164289227742,0.6687161829808165,0.03605509099852444,-0.05039921845808946,0.11727785484124555,0.35627371072769165,0.3211689889431,0.37033531069755554
CB,test_embed_ge,pooled,resolved_vs_stable,74,535,0.7499115938368275,0.6348067693862086,0.7197777216468805,0.11510482445061887,0.0498641973914213,0.1908554140244,0.26110395789146423,0.21065744757652283,0.24912749230861664
CB,test_embed_ge,pooled,anychange_vs_stable,112,535,0.7030373831775701,0.5958110814419225,0.6813084112149532,0.10722630173564762,0.062023802159437175,0.15888180133270755,0.5464931130409241,0.48006224632263184,0.5478571057319641
CB,test_embed_ge,pooled,new_vs_notnew(silver),687,634,0.631608189954036,0.5242195069313387,0.5875153251690934,0.10738868302269733,0.06674646771848669,0.14790063716251475,0.8061836361885071,0.7702938914299011,0.7685244679450989
CB,test_embed_fuji,mass,new_vs_notnew(silver),12,15,0.7777777777777778,0.37222222222222223,0.75,0.40555555555555556,0.06428113553113547,0.6786071428571429,0.8482211232185364,0.8549516201019287,0.7938479781150818
CB,test_embed_fuji,calc,new_vs_notnew(silver),15,26,0.7487179487179487,0.5743589743589743,0.8102564102564103,0.1743589743589744,-0.03231098790322588,0.40003401360544216,0.8544465899467468,0.7602541446685791,0.8695505261421204
CB,test_embed_fuji,asymmetry,changed_vs_stable,5,5,0.36,0.32,0.36,0.03999999999999998,-0.6000000000000001,0.5357142857142857,0.3973672091960907,0.36528921127319336,0.4067769944667816
CB,test_embed_fuji,asymmetry,anychange_vs_stable,5,5,0.56,0.36,0.64,0.20000000000000007,0.0,0.4,0.7399784326553345,0.6739449501037598,0.717692494392395
CB,test_embed_fuji,asymmetry,new_vs_notnew(silver),64,10,0.540625,0.4625,0.5265625,0.078125,-0.15909801136363633,0.2623191443119722,0.7620581388473511,0.7773256897926331,0.7346373796463013
CB,test_embed_fuji,pooled,changed_vs_stable,8,40,0.565625,0.4625,0.5625,0.10312500000000002,-0.17729797979797976,0.34797979797979794,0.32079654932022095,0.2519738972187042,0.32411497831344604
CB,test_embed_fuji,pooled,anychange_vs_stable,8,40,0.6,0.478125,0.609375,0.12187499999999996,-0.04498967608723698,0.35383219954648515,0.5519620180130005,0.44917118549346924,0.5457712411880493
CB,test_embed_fuji,pooled,new_vs_notnew(silver),95,48,0.6153508771929824,0.48333333333333334,0.656140350877193,0.1320175438596491,0.007432249375851517,0.2610349696100902,0.7619203329086304,0.7539724111557007,0.7499794363975525
CB,val,mass,new_vs_notnew(silver),57,10,0.7736842105263158,0.5982456140350877,0.6964912280701754,0.17543859649122806,-0.18639204545454538,0.5015376984126985,0.863930344581604,0.9131963849067688,0.8243792057037354
CB,val,calc,changed_vs_stable,7,19,0.5488721804511278,0.556390977443609,0.45864661654135336,-0.007518796992481147,-0.24530392156862746,0.2222222222222222,0.2529659867286682,0.31732672452926636,0.184872105717659
CB,val,calc,anychange_vs_stable,7,19,0.5488721804511278,0.5413533834586466,0.45112781954887216,0.007518796992481258,-0.2571536796536797,0.2500365497076023,0.2624366581439972,0.3279092013835907,0.1905796080827713
CB,val,calc,new_vs_notnew(silver),67,26,0.6538461538461539,0.5424799081515499,0.6469575200918485,0.11136624569460396,-0.03326010959939521,0.28704805996472665,0.8198956847190857,0.7977089285850525,0.7802197933197021
CB,val,asymmetry,changed_vs_stable,10,13,0.5461538461538461,0.5461538461538461,0.5769230769230769,0.0,-0.27275432900432905,0.30413602941176454,0.41915637254714966,0.44329285621643066,0.42393365502357483
CB,val,asymmetry,resolved_vs_stable,7,13,0.2857142857142857,0.3076923076923077,0.37362637362637363,-0.02197802197802201,-0.28847222222222224,0.2637605042016807,0.21112096309661865,0.21246232092380524,0.21556594967842102
CB,val,asymmetry,anychange_vs_stable,17,13,0.497737556561086,0.4751131221719457,0.5384615384615384,0.022624434389140302,-0.12946841931216935,0.18683035714285712,0.7013348937034607,0.6738274693489075,0.695678174495697
CB,val,asymmetry,new_vs_notnew(silver),96,30,0.7305555555555555,0.6079861111111111,0.69375,0.1225694444444444,-0.025100309378380002,0.2613593458860448,0.866483211517334,0.8338685035705566,0.8331878781318665
CB,val,pooled,changed_vs_stable,20,38,0.5789473684210527,0.4934210526315789,0.5276315789473685,0.08552631578947373,-0.055512380159363536,0.22031939338235296,0.33415019512176514,0.351850301027298,0.29689422249794006
CB,val,pooled,resolved_vs_stable,8,38,0.5526315789473685,0.4769736842105263,0.5328947368421053,0.07565789473684215,-0.15046193643754618,0.40386661211129293,0.15850108861923218,0.1855490356683731,0.1751551628112793
CB,val,pooled,anychange_vs_stable,28,38,0.5883458646616542,0.4774436090225564,0.5046992481203008,0.11090225563909778,-0.03871406794425084,0.2500137362637363,0.5196012854576111,0.5040669441223145,0.48831111192703247
CB,val,pooled,new_vs_notnew(silver),231,66,0.7084481175390266,0.5681490226944772,0.6518431063885609,0.1402990948445494,0.048849351606248106,0.230021625502442,0.8321184515953064,0.8086987733840942,0.802854061126709
OPQ,test,mass,changed_vs_stable,6,25,0.44,0.5133333333333333,0.47333333333333333,-0.0733333333333333,-0.28219373219373217,0.08067528735632165,0.29447004199028015,0.37518516182899475,0.32687056064605713
OPQ,test,mass,anychange_vs_stable,6,25,0.43333333333333335,0.5066666666666667,0.48,-0.07333333333333336,-0.2597467532467533,0.09208970588235288,0.31036558747291565,0.41401171684265137,0.3472425937652588
OPQ,test,mass,new_vs_notnew(silver),80,31,0.7181451612903226,0.5350806451612903,0.5899193548387097,0.1830645161290323,0.04448925997456308,0.3187009738998376,0.8627946972846985,0.8585577011108398,0.7968799471855164
OPQ,test,calc,anychange_vs_stable,5,16,0.525,0.5,0.6125,0.025000000000000022,-0.23529411764705876,0.3168055555555555,0.11881520599126816,0.10010264068841934,0.12250421941280365
OPQ,test,calc,new_vs_notnew(silver),77,21,0.7959183673469388,0.6351267779839208,0.7445887445887446,0.16079158936301796,0.023793554006968667,0.2894865368549579,0.8919393420219421,0.8745471835136414,0.8853030800819397
OPQ,test,asymmetry,changed_vs_stable,27,23,0.5619967793880838,0.5169082125603864,0.5571658615136876,0.04508856682769735,-0.08901544560511955,0.17068044354838716,0.4972708225250244,0.5058938264846802,0.48041900992393494
OPQ,test,asymmetry,resolved_vs_stable,11,23,0.6047430830039525,0.5928853754940712,0.7154150197628458,0.011857707509881354,-0.1071915584415584,0.13187830687830684,0.2740541100502014,0.2730068266391754,0.3044504225254059
OPQ,test,asymmetry,anychange_vs_stable,38,23,0.488558352402746,0.4702517162471396,0.5537757437070938,0.018306636155606404,-0.15119753055499896,0.15518849206349195,0.6902142763137817,0.7186746001243591,0.6818743944168091
OPQ,test,asymmetry,new_vs_notnew(silver),140,61,0.7353629976580797,0.5809133489461358,0.730327868852459,0.1544496487119439,0.06475580766065554,0.24874132870038815,0.8489677309989929,0.8087109327316284,0.8299803733825684
OPQ,test,distortion,new_vs_notnew(silver),29,7,0.7586206896551724,0.5862068965517241,0.6847290640394089,0.1724137931034483,-0.00021551724137929714,0.37450379720853855,0.9436779618263245,0.9271761178970337,0.9361922144889832
OPQ,test,pooled,changed_vs_stable,42,61,0.4992193598750976,0.5156128024980484,0.5140515222482436,-0.016393442622950838,-0.07646024400828698,0.04520804378915138,0.37648722529411316,0.39585521817207336,0.38005760312080383
OPQ,test,pooled,resolved_vs_stable,12,61,0.7404371584699454,0.6721311475409836,0.7814207650273224,0.06830601092896182,-0.09538970588235296,0.24185456205389255,0.21622753143310547,0.22454862296581268,0.2342405468225479
OPQ,test,pooled,anychange_vs_stable,54,61,0.5270188221007893,0.5734669095324832,0.5403764420157863,-0.04644808743169393,-0.13863518519789755,0.04661395959349921,0.5280541777610779,0.5835683941841125,0.5299757719039917
OPQ,test,pooled,new_vs_notnew(silver),309,115,0.731419727029689,0.5889404812157029,0.6946672294920501,0.1424792458139862,0.08090044610492236,0.1982963361540075,0.8480244278907776,0.8272347450256348,0.8193385601043701
OPQ,test_embed_ge,mass,changed_vs_stable,14,171,0.8187134502923976,0.7247284878863827,0.8324979114452798,0.09398496240601495,-0.01119716357213275,0.19115661772295625,0.26929575204849243,0.2318374663591385,0.29556241631507874
OPQ,test_embed_ge,mass,resolved_vs_stable,10,171,0.7619883040935672,0.5105263157894737,0.695906432748538,0.2514619883040935,0.06271284000856715,0.44712454866648943,0.03868313506245613,0.02099403366446495,0.03340824320912361
OPQ,test_embed_ge,mass,anychange_vs_stable,24,171,0.7892300194931774,0.6203703703703703,0.7729044834307992,0.16885964912280704,0.06530422050653266,0.27129233108663486,0.2744046151638031,0.21248340606689453,0.30627793073654175
OPQ,test_embed_ge,mass,new_vs_notnew(silver),115,195,0.6177926421404683,0.524994425863991,0.5160758082497213,0.09279821627647722,0.011236278623378178,0.17203152391873996,0.8258436918258667,0.8291308283805847,0.7739842534065247
OPQ,test_embed_ge,calc,changed_vs_stable,6,281,0.5563463819691578,0.48398576512455516,0.5521945432977462,0.0723606168446026,-0.037507228418009124,0.17425981122702439,0.0523066520690918,0.04068375006318092,0.061166465282440186
OPQ,test_embed_ge,calc,anychange_vs_stable,9,281,0.5950968762356663,0.5472518782127324,0.5966785290628707,0.04784499802293396,-0.006776328703930919,0.11013864567056404,0.06943362951278687,0.06079499050974846,0.07325274497270584
OPQ,test_embed_ge,calc,new_vs_notnew(silver),165,290,0.6090700104493207,0.5286311389759666,0.6122466039707419,0.08043887147335416,0.008714607632735861,0.1486701674116703,0.8169892430305481,0.8327762484550476,0.8183451294898987
OPQ,test_embed_ge,asymmetry,changed_vs_stable,21,132,0.5252525252525253,0.5212842712842712,0.5061327561327561,0.003968253968254065,-0.0828935619363078,0.08720918673461177,0.41739076375961304,0.41828981041908264,0.3941917419433594
OPQ,test_embed_ge,asymmetry,resolved_vs_stable,65,132,0.5476689976689977,0.5241258741258741,0.5062937062937063,0.0235431235431236,-0.04239642062046443,0.08488274471582,0.30055201053619385,0.2890433967113495,0.28810980916023254
OPQ,test_embed_ge,asymmetry,anychange_vs_stable,86,132,0.5443093727977449,0.5090732910500352,0.5007928118393234,0.03523608174770976,-0.04825873479936562,0.12191829003730155,0.7093010544776917,0.6916708946228027,0.6895191669464111
OPQ,test_embed_ge,asymmetry,new_vs_notnew(silver),400,218,0.6099311926605505,0.5836811926605504,0.5775745412844037,0.026250000000000107,-0.024634780654099162,0.07531561452621023,0.8373936414718628,0.8094531297683716,0.7995126247406006
OPQ,test_embed_ge,distortion,new_vs_notnew(silver),44,11,0.6756198347107438,0.6446280991735537,0.6549586776859504,0.030991735537190146,-0.1708074534161491,0.22291305916305892,0.9459372162818909,0.9422398209571838,0.9425668716430664
OPQ,test_embed_ge,pooled,changed_vs_stable,38,535,0.6916379734382686,0.6541564190850959,0.6750122970978849,0.037481554353172686,-0.020340645503914463,0.09775801932453226,0.3455771505832672,0.3252498507499695,0.342740535736084
OPQ,test_embed_ge,pooled,resolved_vs_stable,74,535,0.7206617832786057,0.5996211164435463,0.6704723415003789,0.12104066683505943,0.050055782079747445,0.1891667505729301,0.21057456731796265,0.1950932741165161,0.20682701468467712
OPQ,test_embed_ge,pooled,anychange_vs_stable,112,535,0.7047563417890521,0.6243825100133511,0.6859646194926569,0.08037383177570101,0.02788868312951072,0.13810424002601543,0.5410969853401184,0.5045595765113831,0.546589732170105
OPQ,test_embed_ge,pooled,new_vs_notnew(silver),687,634,0.6237309382447344,0.5605568029975342,0.5883762897249046,0.06317413524720017,0.029874161748388764,0.09535711027124547,0.8104391694068909,0.8010449409484863,0.7819242477416992
OPQ,test_embed_fuji,mass,new_vs_notnew(silver),12,15,0.7388888888888889,0.6166666666666667,0.65,0.12222222222222223,-0.1470860566448801,0.3289999999999999,0.8136575222015381,0.8090715408325195,0.7789795994758606
OPQ,test_embed_fuji,calc,new_vs_notnew(silver),15,26,0.7846153846153846,0.7076923076923077,0.7974358974358975,0.07692307692307687,-0.1125494528619529,0.3104334291187738,0.8405430912971497,0.7993413805961609,0.8456956744194031
OPQ,test_embed_fuji,asymmetry,changed_vs_stable,5,5,0.4,0.2,0.4,0.2,0.0,0.6,0.40146487951278687,0.38955458998680115,0.3805573582649231
OPQ,test_embed_fuji,asymmetry,anychange_vs_stable,5,5,0.76,0.28,0.32,0.48,0.2,0.8,0.6987861394882202,0.6333461403846741,0.6515045762062073
OPQ,test_embed_fuji,asymmetry,new_vs_notnew(silver),64,10,0.5,0.4828125,0.5515625,0.017187500000000022,-0.16933393429487173,0.19407328437179186,0.7195861339569092,0.7403144836425781,0.7322018146514893
OPQ,test_embed_fuji,pooled,changed_vs_stable,8,40,0.75,0.646875,0.696875,0.10312500000000002,0.0,0.22229532163742682,0.37427473068237305,0.34298932552337646,0.36808860301971436
OPQ,test_embed_fuji,pooled,anychange_vs_stable,8,40,0.771875,0.640625,0.715625,0.13124999999999998,-0.04884146341463418,0.2928607503607503,0.5457687377929688,0.4825199246406555,0.5303565859794617
OPQ,test_embed_fuji,pooled,new_vs_notnew(silver),95,48,0.6521929824561403,0.6013157894736842,0.662061403508772,0.050877192982456076,-0.0462516469038208,0.1559170264324803,0.7466344833374023,0.7512429356575012,0.752859890460968
OPQ,val,mass,new_vs_notnew(silver),57,10,0.7403508771929824,0.631578947368421,0.6649122807017543,0.10877192982456141,-0.049420875420875414,0.2806461169178415,0.824648916721344,0.8475326895713806,0.7985652685165405
OPQ,val,calc,changed_vs_stable,7,19,0.5112781954887218,0.48120300751879697,0.5338345864661654,0.03007518796992481,-0.2501785714285714,0.273375,0.07098369300365448,0.06751058995723724,0.07073310762643814
OPQ,val,calc,anychange_vs_stable,7,19,0.518796992481203,0.49624060150375937,0.5413533834586466,0.022556390977443663,-0.23017399267399263,0.27652852049910875,0.0822078213095665,0.08626318722963333,0.08281831443309784
OPQ,val,calc,new_vs_notnew(silver),67,26,0.7112514351320322,0.5694603903559128,0.7055109070034443,0.14179104477611937,0.016230384199134123,0.26916575208828736,0.8330733776092529,0.8475345373153687,0.8159410357475281
OPQ,val,asymmetry,changed_vs_stable,10,13,0.5230769230769231,0.46153846153846156,0.46923076923076923,0.06153846153846154,-0.1515734265734266,0.2500686813186812,0.4429221749305725,0.42872101068496704,0.4039122462272644
OPQ,val,asymmetry,resolved_vs_stable,7,13,0.42857142857142855,0.4065934065934066,0.42857142857142855,0.021978021978021955,-0.2778645833333334,0.32053571428571426,0.20890624821186066,0.22597241401672363,0.198555126786232
OPQ,val,asymmetry,anychange_vs_stable,17,13,0.45248868778280543,0.42081447963800905,0.47058823529411764,0.03167420814479638,-0.2308238636363636,0.3122242647058823,0.6850520968437195,0.6843186616897583,0.6528238654136658
OPQ,val,asymmetry,new_vs_notnew(silver),96,30,0.7305555555555555,0.5927083333333333,0.7378472222222222,0.13784722222222223,0.009049994628375482,0.24952485863259163,0.8596432209014893,0.7963082790374756,0.8277087211608887
OPQ,val,pooled,changed_vs_stable,20,38,0.531578947368421,0.4421052631578947,0.4763157894736842,0.08947368421052632,-0.02380952380952378,0.1964583333333333,0.30068886280059814,0.2874499559402466,0.2839411795139313
OPQ,val,pooled,resolved_vs_stable,8,38,0.5986842105263158,0.4473684210526316,0.5328947368421053,0.15131578947368424,-0.08783197831978316,0.38641738329238323,0.15401241183280945,0.1619178205728531,0.14365294575691223
OPQ,val,pooled,anychange_vs_stable,28,38,0.5733082706766918,0.45206766917293234,0.5056390977443609,0.12124060150375943,0.004239903676210634,0.25334394341290895,0.4788541793823242,0.47758737206459045,0.4549102187156677
OPQ,val,pooled,new_vs_notnew(silver),231,66,0.7073330709694347,0.6070444706808343,0.6993965630329266,0.10028860028860032,0.03630022631102303,0.17113676233848146,0.8179762959480286,0.801389753818512,0.793586254119873
