group,unit,task,score,n_pos,n_neg,n_scored,auroc,ci_lo,ci_hi,n_patients
heldout_pooled (split priors CONFOUND),pooled,changed_vs_stable,abs_q99,108,674,781,0.5267755622729415,0.45791030900280066,0.594042621213061,469.0
val,pooled,changed_vs_stable,abs_q99,20,38,58,0.5263157894736842,0.34158496732026145,0.6839459107201041,48.0
test,pooled,changed_vs_stable,abs_q99,42,61,102,0.5145941623350659,0.3759331346619482,0.6361435185185185,73.0
GE,pooled,changed_vs_stable,abs_q99,38,535,573,0.6111657648794885,0.49948424567860544,0.7108830737612656,317.0
fuji,pooled,changed_vs_stable,abs_q99,8,40,48,0.525,0.28035230352303525,0.7876292824822235,31.0
heldout_split_stratified,pooled,changed_vs_stable,abs_q99,108,674,781,0.5972146710718916,0.5065625321351972,0.6791692161002367,469.0
heldout_pooled (split priors CONFOUND),mass,changed_vs_stable,abs_q99,27,213,240,0.631716223265519,0.5213729969069879,0.749230097280127,153.0
val,mass,changed_vs_stable,abs_q99,3,6,9,0.8888888888888888,,,
test,mass,changed_vs_stable,abs_q99,6,25,31,0.7066666666666667,0.3748641304347826,0.9652837643678162,21.0
GE,mass,changed_vs_stable,abs_q99,14,171,185,0.5927318295739349,0.43677037346378716,0.7601783182549319,114.0
fuji,mass,changed_vs_stable,abs_q99,4,11,15,0.8181818181818182,,,
heldout_split_stratified,mass,changed_vs_stable,abs_q99,27,213,240,0.6051419800460477,0.46604119040046804,0.781466208527435,153.0
heldout_pooled (split priors CONFOUND),calc,changed_vs_stable,abs_q99,17,342,359,0.4604403164774682,0.31180394056847544,0.6168008818848371,195.0
val,calc,changed_vs_stable,abs_q99,7,19,26,0.42857142857142855,0.11416294642857143,0.7429523809523809,20.0
test,calc,changed_vs_stable,abs_q99,4,16,20,0.421875,,,
GE,calc,changed_vs_stable,abs_q99,6,281,287,0.7016607354685647,0.4981979696298726,0.8928583611279564,146.0
fuji,calc,changed_vs_stable,abs_q99,0,26,26,,,,
heldout_split_stratified,calc,changed_vs_stable,abs_q99,17,342,359,0.6728624535315985,0.49229501414615917,0.8213618488142506,195.0
heldout_pooled (split priors CONFOUND),asymmetry,changed_vs_stable,abs_q99,63,173,235,0.5412082789483498,0.45302046828832543,0.6332746962218131,169.0
val,asymmetry,changed_vs_stable,abs_q99,10,13,23,0.4846153846153846,0.21212121212121213,0.7144024276377217,20.0
test,asymmetry,changed_vs_stable,abs_q99,27,23,49,0.5033444816053512,0.3121441784168645,0.6899256856786659,37.0
GE,asymmetry,changed_vs_stable,abs_q99,21,132,153,0.5876623376623377,0.42469985059800297,0.7308893794312326,103.0
fuji,asymmetry,changed_vs_stable,abs_q99,5,5,10,0.44,0.0,0.8571428571428571,9.0
heldout_split_stratified,asymmetry,changed_vs_stable,abs_q99,63,173,235,0.5685106382978723,0.4509377956480605,0.6867382187857226,169.0
heldout_pooled (split priors CONFOUND),distortion,changed_vs_stable,abs_q99,10,3,13,0.5,,,
test,distortion,changed_vs_stable,abs_q99,5,1,6,0.2,,,
GE,distortion,changed_vs_stable,abs_q99,5,2,7,0.7,,,
heldout_split_stratified,distortion,changed_vs_stable,abs_q99,10,3,13,0.5333333333333333,,,
heldout_pooled (split priors CONFOUND),pooled,resolved_vs_stable,neg_q99,94,674,768,0.4960698276406339,0.4310659152463099,0.5626016974485342,473.0
val,pooled,resolved_vs_stable,neg_q99,8,38,46,0.5131578947368421,0.25616838842975204,0.7718963068181818,38.0
test,pooled,resolved_vs_stable,neg_q99,12,61,73,0.39617486338797814,0.21870646994134899,0.6004155103764479,53.0
GE,pooled,resolved_vs_stable,neg_q99,74,535,609,0.5045718615812074,0.43577350673828846,0.5747131750625398,356.0
fuji,pooled,resolved_vs_stable,neg_q99,0,40,40,,,,
heldout_split_stratified,pooled,resolved_vs_stable,neg_q99,94,674,768,0.5026830108797322,0.432443767247716,0.57369261132484,473.0
heldout_pooled (split priors CONFOUND),mass,resolved_vs_stable,neg_q99,11,213,224,0.5040546308151942,0.3142846654080134,0.6927494021626117,142.0
val,mass,resolved_vs_stable,neg_q99,1,6,7,0.5,,,
test,mass,resolved_vs_stable,neg_q99,0,25,25,,,,
GE,mass,resolved_vs_stable,neg_q99,10,171,181,0.5087719298245614,0.3017969234662226,0.7098239497589173,113.0
fuji,mass,resolved_vs_stable,neg_q99,0,11,11,,,,
heldout_split_stratified,mass,resolved_vs_stable,neg_q99,11,213,224,0.5087412587412588,0.3062817731727236,0.7118226824628155,142.0
heldout_pooled (split priors CONFOUND),calc,resolved_vs_stable,neg_q99,4,342,346,0.5672514619883041,,,
val,calc,resolved_vs_stable,neg_q99,0,19,19,,,,
test,calc,resolved_vs_stable,neg_q99,1,16,17,1.0,,,
GE,calc,resolved_vs_stable,neg_q99,3,281,284,0.40213523131672596,,,
fuji,calc,resolved_vs_stable,neg_q99,0,26,26,,,,
heldout_split_stratified,calc,resolved_vs_stable,neg_q99,4,342,346,0.41327124563445866,,,
heldout_pooled (split priors CONFOUND),asymmetry,resolved_vs_stable,neg_q99,83,173,256,0.5237133505118741,0.44044200587726656,0.6019412385549391,204.0
val,asymmetry,resolved_vs_stable,neg_q99,7,13,20,0.45054945054945056,0.16666666666666666,0.7667105263157895,19.0
test,asymmetry,resolved_vs_stable,neg_q99,11,23,34,0.3241106719367589,0.10253496503496504,0.5652536231884058,29.0
GE,asymmetry,resolved_vs_stable,neg_q99,65,132,197,0.5588578088578089,0.4700878911092379,0.649159225703386,151.0
fuji,asymmetry,resolved_vs_stable,neg_q99,0,5,5,,,,
heldout_split_stratified,asymmetry,resolved_vs_stable,neg_q99,83,173,256,0.5510981622590766,0.4642421970933691,0.637840404280506,204.0
heldout_pooled (split priors CONFOUND),distortion,resolved_vs_stable,neg_q99,5,3,8,0.2,,,
test,distortion,resolved_vs_stable,neg_q99,1,1,2,0.0,,,
GE,distortion,resolved_vs_stable,neg_q99,4,2,6,0.125,,,
heldout_split_stratified,distortion,resolved_vs_stable,neg_q99,5,3,8,0.1111111111111111,,,
heldout_pooled (split priors CONFOUND),pooled,anychange_vs_stable,abs_q99,202,674,875,0.5078612870366269,0.4557706560080374,0.5592753171508401,545.0
val,pooled,anychange_vs_stable,abs_q99,28,38,66,0.5112781954887218,0.34372767857142855,0.6787932049449164,56.0
test,pooled,anychange_vs_stable,abs_q99,54,61,114,0.482833281781627,0.3509997845591788,0.6021056207093821,83.0
GE,pooled,anychange_vs_stable,abs_q99,112,535,647,0.5374332443257677,0.4734888915796487,0.601169560471503,375.0
fuji,pooled,anychange_vs_stable,abs_q99,8,40,48,0.525,0.27903673361522197,0.7950410396716822,31.0
heldout_split_stratified,pooled,anychange_vs_stable,abs_q99,202,674,875,0.5342051846227746,0.4700638822011634,0.5949050932021694,545.0
heldout_pooled (split priors CONFOUND),mass,anychange_vs_stable,abs_q99,38,213,251,0.5805534964170991,0.48963290329976367,0.6841373494095268,163.0
val,mass,anychange_vs_stable,abs_q99,4,6,10,0.8333333333333334,,,
test,mass,anychange_vs_stable,abs_q99,6,25,31,0.7066666666666667,0.3947014714204867,0.9680848484848484,21.0
GE,mass,anychange_vs_stable,abs_q99,24,171,195,0.5380116959064327,0.4018710317460318,0.6784335038363172,123.0
fuji,mass,anychange_vs_stable,abs_q99,4,11,15,0.8181818181818182,,,
heldout_split_stratified,mass,anychange_vs_stable,abs_q99,38,213,251,0.5483572420175844,0.4310578122905654,0.6676026160691405,163.0
heldout_pooled (split priors CONFOUND),calc,anychange_vs_stable,abs_q99,21,342,363,0.47702589807852963,0.34004802696999226,0.6118074278206266,198.0
val,calc,anychange_vs_stable,abs_q99,7,19,26,0.42857142857142855,0.1092436974789916,0.7061784897025172,20.0
test,calc,anychange_vs_stable,abs_q99,5,16,21,0.5375,0.16666666666666666,0.8953947368421052,15.0
GE,calc,anychange_vs_stable,abs_q99,9,281,290,0.5935152234084619,0.40544218838673063,0.7728492983526539,148.0
fuji,calc,anychange_vs_stable,abs_q99,0,26,26,,,,
heldout_split_stratified,calc,anychange_vs_stable,abs_q99,21,342,363,0.5838803792851933,0.4154997469947918,0.7585183536133489,198.0
heldout_pooled (split priors CONFOUND),asymmetry,anychange_vs_stable,abs_q99,146,173,318,0.5191548734303368,0.45218351819759695,0.5885349503869562,244.0
val,asymmetry,anychange_vs_stable,abs_q99,17,13,30,0.4298642533936652,0.2307098765432099,0.6516274509803921,27.0
test,asymmetry,anychange_vs_stable,abs_q99,38,23,60,0.4418331374853114,0.27356570512820516,0.6096984336114771,46.0
GE,asymmetry,anychange_vs_stable,abs_q99,86,132,218,0.5599894291754757,0.482593784448988,0.6394798936986799,162.0
fuji,asymmetry,anychange_vs_stable,abs_q99,5,5,10,0.44,0.0,0.8571428571428571,9.0
heldout_split_stratified,asymmetry,anychange_vs_stable,abs_q99,146,173,318,0.5493613944895173,0.4804565964114568,0.6263871269105732,244.0
heldout_pooled (split priors CONFOUND),distortion,anychange_vs_stable,abs_q99,15,3,18,0.4666666666666667,,,
test,distortion,anychange_vs_stable,abs_q99,6,1,7,0.16666666666666666,,,
GE,distortion,anychange_vs_stable,abs_q99,9,2,11,0.5555555555555556,,,
heldout_split_stratified,distortion,anychange_vs_stable,abs_q99,15,3,18,0.4583333333333333,,,
heldout_pooled (split priors CONFOUND),pooled,new_vs_notnew(silver),pos_q99,1322,863,2184,0.5028010712869132,0.4757565628201283,0.5298412005524465,1505.0
val,pooled,new_vs_notnew(silver),pos_q99,231,66,297,0.5438803620621803,0.43780392486764896,0.6479396078990743,219.0
test,pooled,new_vs_notnew(silver),pos_q99,309,115,423,0.5300346335093397,0.4505056189364353,0.6002509938115042,324.0
GE,pooled,new_vs_notnew(silver),pos_q99,687,634,1321,0.47596186960175224,0.4397426710605996,0.5099630229606669,856.0
fuji,pooled,new_vs_notnew(silver),pos_q99,95,48,143,0.6190789473684211,0.5230954706640877,0.7202809233449476,106.0
heldout_split_stratified,pooled,new_vs_notnew(silver),pos_q99,1322,863,2184,0.48328543182698386,0.45099844610929407,0.5139567706698667,1505.0
heldout_pooled (split priors CONFOUND),mass,new_vs_notnew(silver),pos_q99,264,251,515,0.5129783894724134,0.4624475241407424,0.5627733908177873,355.0
val,mass,new_vs_notnew(silver),pos_q99,57,10,67,0.656140350877193,0.4195435285053929,0.8493780438311688,53.0
test,mass,new_vs_notnew(silver),pos_q99,80,31,111,0.4669354838709677,0.3389736816901948,0.6059558544903373,83.0
GE,mass,new_vs_notnew(silver),pos_q99,115,195,310,0.5122853957636566,0.4403880196158641,0.5861401049848275,199.0
fuji,mass,new_vs_notnew(silver),pos_q99,12,15,27,0.5277777777777778,0.29007625272331156,0.7589814814814815,20.0
heldout_split_stratified,mass,new_vs_notnew(silver),pos_q99,264,251,515,0.5112063925160787,0.45066206303178497,0.576905214635581,355.0
heldout_pooled (split priors CONFOUND),calc,new_vs_notnew(silver),pos_q99,324,363,687,0.4841342720130599,0.43119890773771197,0.5329452871263262,431.0
val,calc,new_vs_notnew(silver),pos_q99,67,26,93,0.5729047072330654,0.3643666524580847,0.7568786734079971,68.0
test,calc,new_vs_notnew(silver),pos_q99,77,21,98,0.6128633271490415,0.4038948551448552,0.792578947368421,80.0
GE,calc,new_vs_notnew(silver),pos_q99,165,290,455,0.43634273772204807,0.37561951756917944,0.49484336444972365,256.0
fuji,calc,new_vs_notnew(silver),pos_q99,15,26,41,0.558974358974359,0.33495833333333336,0.7606614219114218,27.0
heldout_split_stratified,calc,new_vs_notnew(silver),pos_q99,324,363,687,0.4474117715459602,0.3926383023013476,0.5075068107819813,431.0
heldout_pooled (split priors CONFOUND),asymmetry,new_vs_notnew(silver),pos_q99,700,319,1018,0.524618149146451,0.487839757526166,0.5647692740945864,847.0
val,asymmetry,new_vs_notnew(silver),pos_q99,96,30,126,0.49444444444444446,0.381850827991453,0.6241528024253179,108.0
test,asymmetry,new_vs_notnew(silver),pos_q99,140,61,200,0.4938095238095238,0.40336582274473626,0.579511947830971,164.0
GE,asymmetry,new_vs_notnew(silver),pos_q99,400,218,618,0.5266284403669724,0.4797184951772276,0.5752995569269882,512.0
fuji,asymmetry,new_vs_notnew(silver),pos_q99,64,10,74,0.596875,0.3378323558162268,0.8007635882635882,63.0
heldout_split_stratified,asymmetry,new_vs_notnew(silver),pos_q99,700,319,1018,0.5233656174334139,0.4806371970068851,0.5648520988554189,847.0
heldout_pooled (split priors CONFOUND),distortion,new_vs_notnew(silver),pos_q99,104,18,122,0.4700854700854701,0.2891097443650357,0.6609061488673139,112.0
val,distortion,new_vs_notnew(silver),pos_q99,21,0,21,,,,
test,distortion,new_vs_notnew(silver),pos_q99,29,7,36,0.7093596059113301,0.45995833333333336,0.9310344827586207,34.0
GE,distortion,new_vs_notnew(silver),pos_q99,44,11,55,0.2871900826446281,0.1195465524813351,0.5076449813484387,47.0
fuji,distortion,new_vs_notnew(silver),pos_q99,10,0,10,,,,
heldout_split_stratified,distortion,new_vs_notnew(silver),pos_q99,104,18,122,0.4119359534206696,0.23392455557935318,0.6395606183591837,112.0
heldout_pooled (split priors CONFOUND),pooled,changed_vs_stable,abs_q999,108,674,781,0.5203000637843535,0.45384479785216736,0.5902512098677131,469.0
val,pooled,changed_vs_stable,abs_q999,20,38,58,0.5289473684210526,0.33796368817406686,0.6984862826709631,48.0
test,pooled,changed_vs_stable,abs_q999,42,61,102,0.47860855657736906,0.3399879106445361,0.623288316271867,73.0
GE,pooled,changed_vs_stable,abs_q999,38,535,573,0.591588785046729,0.4956852821825197,0.6959639008985545,317.0
fuji,pooled,changed_vs_stable,abs_q999,8,40,48,0.509375,0.25918803418803416,0.8095508658008658,31.0
heldout_split_stratified,pooled,changed_vs_stable,abs_q999,108,674,781,0.5766801890343357,0.4847331406965838,0.6720801060103996,469.0
heldout_pooled (split priors CONFOUND),mass,changed_vs_stable,abs_q999,27,213,240,0.632585637280473,0.5293746989840428,0.7423505451860231,153.0
val,mass,changed_vs_stable,abs_q999,3,6,9,0.8888888888888888,,,
test,mass,changed_vs_stable,abs_q999,6,25,31,0.7266666666666667,0.4072222222222222,0.982158251231527,21.0
GE,mass,changed_vs_stable,abs_q999,14,171,185,0.5664160401002506,0.3995233359419156,0.7380161913250147,114.0
fuji,mass,changed_vs_stable,abs_q999,4,11,15,0.7727272727272727,,,
heldout_split_stratified,mass,changed_vs_stable,abs_q999,27,213,240,0.5813507290867229,0.43799471021392966,0.7434688100293195,153.0
heldout_pooled (split priors CONFOUND),calc,changed_vs_stable,abs_q999,17,342,359,0.434812521499828,0.2940898457204415,0.5834763377951023,195.0
val,calc,changed_vs_stable,abs_q999,7,19,26,0.46616541353383456,0.13628673957621326,0.7270272090517237,20.0
test,calc,changed_vs_stable,abs_q999,4,16,20,0.328125,,,
GE,calc,changed_vs_stable,abs_q999,6,281,287,0.6334519572953736,0.391685303408367,0.8549323664287845,146.0
fuji,calc,changed_vs_stable,abs_q999,0,26,26,,,,
heldout_split_stratified,calc,changed_vs_stable,abs_q999,17,342,359,0.6112586298459904,0.414299461978417,0.8049396615099697,195.0
heldout_pooled (split priors CONFOUND),asymmetry,changed_vs_stable,abs_q999,63,173,235,0.5271303374976692,0.43634415397656745,0.623184813948991,169.0
val,asymmetry,changed_vs_stable,abs_q999,10,13,23,0.45384615384615384,0.19191287878787877,0.7100530303030302,20.0
test,asymmetry,changed_vs_stable,abs_q999,27,23,49,0.46321070234113715,0.2773108366153479,0.6501566820276498,37.0
GE,asymmetry,changed_vs_stable,abs_q999,21,132,153,0.5725108225108225,0.44621184350839777,0.698113015967441,103.0
fuji,asymmetry,changed_vs_stable,abs_q999,5,5,10,0.36,0.0,0.8571428571428571,9.0
heldout_split_stratified,asymmetry,changed_vs_stable,abs_q999,63,173,235,0.5480851063829787,0.43375173836351166,0.645381956196237,169.0
heldout_pooled (split priors CONFOUND),distortion,changed_vs_stable,abs_q999,10,3,13,0.43333333333333335,,,
test,distortion,changed_vs_stable,abs_q999,5,1,6,0.2,,,
GE,distortion,changed_vs_stable,abs_q999,5,2,7,0.6,,,
heldout_split_stratified,distortion,changed_vs_stable,abs_q999,10,3,13,0.4666666666666667,,,
heldout_pooled (split priors CONFOUND),pooled,resolved_vs_stable,neg_q999,94,674,768,0.4758665319780289,0.40884337510119967,0.5391899714008932,473.0
val,pooled,resolved_vs_stable,neg_q999,8,38,46,0.41776315789473684,0.1740952380952381,0.6454650441257582,38.0
test,pooled,resolved_vs_stable,neg_q999,12,61,73,0.3633879781420765,0.17083747103608077,0.5518788572221066,53.0
GE,pooled,resolved_vs_stable,neg_q999,74,535,609,0.4939631220005052,0.42385408713192707,0.5676343988618525,356.0
fuji,pooled,resolved_vs_stable,neg_q999,0,40,40,,,,
heldout_split_stratified,pooled,resolved_vs_stable,neg_q999,94,674,768,0.4910402205484173,0.4280923185678164,0.5602621559239176,473.0
heldout_pooled (split priors CONFOUND),mass,resolved_vs_stable,neg_q999,11,213,224,0.47503201024327785,0.2680031465448132,0.6743953985950225,142.0
val,mass,resolved_vs_stable,neg_q999,1,6,7,0.3333333333333333,,,
test,mass,resolved_vs_stable,neg_q999,0,25,25,,,,
GE,mass,resolved_vs_stable,neg_q999,10,171,181,0.49473684210526314,0.27726656626506024,0.7055555555555555,113.0
fuji,mass,resolved_vs_stable,neg_q999,0,11,11,,,,
heldout_split_stratified,mass,resolved_vs_stable,neg_q999,11,213,224,0.49417249417249415,0.2778576029217234,0.707610784416148,142.0
heldout_pooled (split priors CONFOUND),calc,resolved_vs_stable,neg_q999,4,342,346,0.5657894736842105,,,
val,calc,resolved_vs_stable,neg_q999,0,19,19,,,,
test,calc,resolved_vs_stable,neg_q999,1,16,17,1.0,,,
GE,calc,resolved_vs_stable,neg_q999,3,281,284,0.41637010676156583,,,
fuji,calc,resolved_vs_stable,neg_q999,0,26,26,,,,
heldout_split_stratified,calc,resolved_vs_stable,neg_q999,4,342,346,0.42724097788125726,,,
heldout_pooled (split priors CONFOUND),asymmetry,resolved_vs_stable,neg_q999,83,173,256,0.49550804373563617,0.4099032298442632,0.5742844132709354,204.0
val,asymmetry,resolved_vs_stable,neg_q999,7,13,20,0.37362637362637363,0.11243055555555556,0.6446031746031745,19.0
test,asymmetry,resolved_vs_stable,neg_q999,11,23,34,0.32806324110671936,0.11106321839080459,0.584483225108225,29.0
GE,asymmetry,resolved_vs_stable,neg_q999,65,132,197,0.5397435897435897,0.4493896668379582,0.6236874176038575,151.0
fuji,asymmetry,resolved_vs_stable,neg_q999,0,5,5,,,,
heldout_split_stratified,asymmetry,resolved_vs_stable,neg_q999,83,173,256,0.532048408785298,0.4420625024703781,0.6219556310913823,204.0
heldout_pooled (split priors CONFOUND),distortion,resolved_vs_stable,neg_q999,5,3,8,0.2,,,
test,distortion,resolved_vs_stable,neg_q999,1,1,2,0.0,,,
GE,distortion,resolved_vs_stable,neg_q999,4,2,6,0.125,,,
heldout_split_stratified,distortion,resolved_vs_stable,neg_q999,5,3,8,0.1111111111111111,,,
heldout_pooled (split priors CONFOUND),pooled,anychange_vs_stable,abs_q999,202,674,875,0.5003616930185866,0.44982065261295134,0.5533554889624596,545.0
val,pooled,anychange_vs_stable,abs_q999,28,38,66,0.5140977443609023,0.3483707969595067,0.6778537068477646,56.0
test,pooled,anychange_vs_stable,abs_q999,54,61,114,0.44973708629755643,0.31930414230019494,0.568559111147909,83.0
GE,pooled,anychange_vs_stable,abs_q999,112,535,647,0.5258010680907877,0.46346109483676323,0.5926022156431396,375.0
fuji,pooled,anychange_vs_stable,abs_q999,8,40,48,0.509375,0.25784271725826197,0.7863782051282051,31.0
heldout_split_stratified,pooled,anychange_vs_stable,abs_q999,202,674,875,0.5217162248012768,0.4593572626525416,0.585847130151336,545.0
heldout_pooled (split priors CONFOUND),mass,anychange_vs_stable,abs_q999,38,213,251,0.5854954287126266,0.48953060007684257,0.6863054854899105,163.0
val,mass,anychange_vs_stable,abs_q999,4,6,10,0.9166666666666666,,,
test,mass,anychange_vs_stable,abs_q999,6,25,31,0.7266666666666667,0.42216269841269843,0.9739464882943144,21.0
GE,mass,anychange_vs_stable,abs_q999,24,171,195,0.5124269005847953,0.3928139400921659,0.6409812284468986,123.0
fuji,mass,anychange_vs_stable,abs_q999,4,11,15,0.7727272727272727,,,
heldout_split_stratified,mass,anychange_vs_stable,abs_q999,38,213,251,0.5247570569180935,0.400882943725921,0.6530654003747373,163.0
heldout_pooled (split priors CONFOUND),calc,anychange_vs_stable,abs_q999,21,342,363,0.4500139236981342,0.30403436539306106,0.5808815791326882,198.0
val,calc,anychange_vs_stable,abs_q999,7,19,26,0.46616541353383456,0.15611359126984128,0.7555587121212121,20.0
test,calc,anychange_vs_stable,abs_q999,5,16,21,0.4625,0.08333333333333333,0.833529411764706,15.0
GE,calc,anychange_vs_stable,abs_q999,9,281,290,0.538948200869909,0.3386378752078411,0.7320754488451613,148.0
fuji,calc,anychange_vs_stable,abs_q999,0,26,26,,,,
heldout_split_stratified,calc,anychange_vs_stable,abs_q999,21,342,363,0.5331874544128373,0.33881376466300406,0.7426234154956044,198.0
heldout_pooled (split priors CONFOUND),asymmetry,anychange_vs_stable,abs_q999,146,173,318,0.4968307753637632,0.4299146744014078,0.5607164002928849,244.0
val,asymmetry,anychange_vs_stable,abs_q999,17,13,30,0.3891402714932127,0.20328373015873016,0.6001583710407238,27.0
test,asymmetry,anychange_vs_stable,abs_q999,38,23,60,0.40775558166862513,0.22615449095712253,0.5666707317073171,46.0
GE,asymmetry,anychange_vs_stable,abs_q999,86,132,218,0.5375264270613108,0.46064342823263327,0.621704206926822,162.0
fuji,asymmetry,anychange_vs_stable,abs_q999,5,5,10,0.36,0.0,0.8354166666666667,9.0
heldout_split_stratified,asymmetry,anychange_vs_stable,abs_q999,146,173,318,0.5256647120250623,0.4539580543272665,0.6015556637344487,244.0
heldout_pooled (split priors CONFOUND),distortion,anychange_vs_stable,abs_q999,15,3,18,0.4444444444444444,,,
test,distortion,anychange_vs_stable,abs_q999,6,1,7,0.3333333333333333,,,
GE,distortion,anychange_vs_stable,abs_q999,9,2,11,0.5,,,
heldout_split_stratified,distortion,anychange_vs_stable,abs_q999,15,3,18,0.4583333333333333,,,
heldout_pooled (split priors CONFOUND),pooled,new_vs_notnew(silver),pos_q999,1322,863,2184,0.5130558704908192,0.4862694443298749,0.5396612893067444,1505.0
val,pooled,new_vs_notnew(silver),pos_q999,231,66,297,0.5800209891118983,0.4854288088332317,0.6709858939321134,219.0
test,pooled,new_vs_notnew(silver),pos_q999,309,115,423,0.5187929370351445,0.4500407791657605,0.5889777290085951,324.0
GE,pooled,new_vs_notnew(silver),pos_q999,687,634,1321,0.4807143939498299,0.4462328640040576,0.5159442894728474,856.0
fuji,pooled,new_vs_notnew(silver),pos_q999,95,48,143,0.6021929824561404,0.49197001341738184,0.7075582168077084,106.0
heldout_split_stratified,pooled,new_vs_notnew(silver),pos_q999,1322,863,2184,0.48766383334352514,0.45677013704075436,0.5181189478814074,1505.0
heldout_pooled (split priors CONFOUND),mass,new_vs_notnew(silver),pos_q999,264,251,515,0.5468882047567306,0.49479048614929405,0.5995525295595865,355.0
val,mass,new_vs_notnew(silver),pos_q999,57,10,67,0.6526315789473685,0.41228278548193803,0.8383941877794336,53.0
test,mass,new_vs_notnew(silver),pos_q999,80,31,111,0.4717741935483871,0.34317188755020084,0.5991689784806844,83.0
GE,mass,new_vs_notnew(silver),pos_q999,115,195,310,0.53685618729097,0.46881143637340483,0.6021527173283467,199.0
fuji,mass,new_vs_notnew(silver),pos_q999,12,15,27,0.4722222222222222,0.2397450763522192,0.7087912087912088,20.0
heldout_split_stratified,mass,new_vs_notnew(silver),pos_q999,264,251,515,0.5326836873903723,0.47104169454960965,0.5954921755665938,355.0
heldout_pooled (split priors CONFOUND),calc,new_vs_notnew(silver),pos_q999,324,363,687,0.5019130700948883,0.4483841299783634,0.548648730012584,431.0
val,calc,new_vs_notnew(silver),pos_q999,67,26,93,0.5958668197474167,0.4014963004579376,0.7650588747538997,68.0
test,calc,new_vs_notnew(silver),pos_q999,77,21,98,0.5831787260358688,0.4107018465280849,0.7519105825282295,80.0
GE,calc,new_vs_notnew(silver),pos_q999,165,290,455,0.45650992685475444,0.3993199123949858,0.5189858372221632,256.0
fuji,calc,new_vs_notnew(silver),pos_q999,15,26,41,0.5461538461538461,0.35043526785714285,0.7507395905221992,27.0
heldout_split_stratified,calc,new_vs_notnew(silver),pos_q999,324,363,687,0.46586174150661835,0.4070917188917577,0.5277893037100305,431.0
heldout_pooled (split priors CONFOUND),asymmetry,new_vs_notnew(silver),pos_q999,700,319,1018,0.5262129380053908,0.49111642939738664,0.5654637847421895,847.0
val,asymmetry,new_vs_notnew(silver),pos_q999,96,30,126,0.5486111111111112,0.42205058722915867,0.6687120661557434,108.0
test,asymmetry,new_vs_notnew(silver),pos_q999,140,61,200,0.4888095238095238,0.39834497034107763,0.5937850090050795,164.0
GE,asymmetry,new_vs_notnew(silver),pos_q999,400,218,618,0.5191743119266055,0.4738519259384413,0.5649142525676489,512.0
fuji,asymmetry,new_vs_notnew(silver),pos_q999,64,10,74,0.6015625,0.3332991803278688,0.8134482545947946,63.0
heldout_split_stratified,asymmetry,new_vs_notnew(silver),pos_q999,700,319,1018,0.5179882970137206,0.4730672574231075,0.5631356736980758,847.0
heldout_pooled (split priors CONFOUND),distortion,new_vs_notnew(silver),pos_q999,104,18,122,0.47435897435897434,0.27109316770186337,0.679457518120233,112.0
val,distortion,new_vs_notnew(silver),pos_q999,21,0,21,,,,
test,distortion,new_vs_notnew(silver),pos_q999,29,7,36,0.729064039408867,0.45,0.967741935483871,34.0
GE,distortion,new_vs_notnew(silver),pos_q999,44,11,55,0.2892561983471074,0.09085858585858586,0.5422536231884059,47.0
fuji,distortion,new_vs_notnew(silver),pos_q999,10,0,10,,,,
heldout_split_stratified,distortion,new_vs_notnew(silver),pos_q999,104,18,122,0.4192139737991266,0.24551483003501107,0.6587760066020936,112.0
heldout_pooled (split priors CONFOUND),pooled,changed_vs_stable,abs_mf,108,674,781,0.49425940819212955,0.4238614005619686,0.5641317630434567,469.0
val,pooled,changed_vs_stable,abs_mf,20,38,58,0.5092105263157894,0.324321806278328,0.6723611016312879,48.0
test,pooled,changed_vs_stable,abs_mf,42,61,102,0.45061975209916033,0.3083556896538044,0.5742342004703116,73.0
GE,pooled,changed_vs_stable,abs_mf,38,535,573,0.5680767338908018,0.45115328322517595,0.6812630826447632,317.0
fuji,pooled,changed_vs_stable,abs_mf,8,40,48,0.484375,0.26075918198763026,0.6963773148148148,31.0
heldout_split_stratified,pooled,changed_vs_stable,abs_mf,108,674,781,0.5527999665425956,0.4493574226672565,0.6436895916192236,469.0
heldout_pooled (split priors CONFOUND),mass,changed_vs_stable,abs_mf,27,213,240,0.6127629977395236,0.4945983217848543,0.7298341736403176,153.0
val,mass,changed_vs_stable,abs_mf,3,6,9,0.6111111111111112,,,
test,mass,changed_vs_stable,abs_mf,6,25,31,0.74,0.4230769230769231,0.9895991161616162,21.0
GE,mass,changed_vs_stable,abs_mf,14,171,185,0.5797827903091061,0.4062818842144223,0.7473869209194183,114.0
fuji,mass,changed_vs_stable,abs_mf,4,11,15,0.75,,,
heldout_split_stratified,mass,changed_vs_stable,abs_mf,27,213,240,0.5920951650038373,0.4407757295239569,0.7531087664616853,153.0
heldout_pooled (split priors CONFOUND),calc,changed_vs_stable,abs_mf,17,342,359,0.47144822841417267,0.31798302070542406,0.6328098116717042,195.0
val,calc,changed_vs_stable,abs_mf,7,19,26,0.43609022556390975,0.17647058823529413,0.7063406635802468,20.0
test,calc,changed_vs_stable,abs_mf,4,16,20,0.390625,,,
GE,calc,changed_vs_stable,abs_mf,6,281,287,0.6886120996441281,0.4774914934066333,0.9033402469612195,146.0
fuji,calc,changed_vs_stable,abs_mf,0,26,26,,,,
heldout_split_stratified,calc,changed_vs_stable,abs_mf,17,342,359,0.66064790228359,0.4424318570075437,0.8264675478732417,195.0
heldout_pooled (split priors CONFOUND),asymmetry,changed_vs_stable,abs_mf,63,173,235,0.4692336378892411,0.370871079057621,0.560174088771311,169.0
val,asymmetry,changed_vs_stable,abs_mf,10,13,23,0.47692307692307695,0.2197544642857143,0.75,20.0
test,asymmetry,changed_vs_stable,abs_mf,27,23,49,0.3979933110367893,0.2182324016563147,0.5769270833333333,37.0
GE,asymmetry,changed_vs_stable,abs_mf,21,132,153,0.5054112554112554,0.361469619852772,0.6336425701164506,103.0
fuji,asymmetry,changed_vs_stable,abs_mf,5,5,10,0.36,0.0,0.8333333333333334,9.0
heldout_split_stratified,asymmetry,changed_vs_stable,abs_mf,63,173,235,0.4851063829787234,0.3683940261456227,0.5858494046200391,169.0
heldout_pooled (split priors CONFOUND),distortion,changed_vs_stable,abs_mf,10,3,13,0.36666666666666664,,,
test,distortion,changed_vs_stable,abs_mf,5,1,6,0.4,,,
GE,distortion,changed_vs_stable,abs_mf,5,2,7,0.6,,,
heldout_split_stratified,distortion,changed_vs_stable,abs_mf,10,3,13,0.5333333333333333,,,
heldout_pooled (split priors CONFOUND),pooled,resolved_vs_stable,neg_mf,94,674,768,0.4630184986425911,0.39810813276823603,0.5294475710338336,473.0
val,pooled,resolved_vs_stable,neg_mf,8,38,46,0.45394736842105265,0.1820764652014652,0.6956950800915331,38.0
test,pooled,resolved_vs_stable,neg_mf,12,61,73,0.3770491803278688,0.1931322397662813,0.5571814218645205,53.0
GE,pooled,resolved_vs_stable,neg_mf,74,535,609,0.47777216468805256,0.40338371936788653,0.5522754940945169,356.0
fuji,pooled,resolved_vs_stable,neg_mf,0,40,40,,,,
heldout_split_stratified,pooled,resolved_vs_stable,neg_mf,94,674,768,0.4757790577462709,0.41097560001899996,0.5484942079561723,473.0
heldout_pooled (split priors CONFOUND),mass,resolved_vs_stable,neg_mf,11,213,224,0.5006402048655569,0.3246325030046033,0.667684057048355,142.0
val,mass,resolved_vs_stable,neg_mf,1,6,7,0.8333333333333334,,,
test,mass,resolved_vs_stable,neg_mf,0,25,25,,,,
GE,mass,resolved_vs_stable,neg_mf,10,171,181,0.4678362573099415,0.2658732251521298,0.6666964285714285,113.0
fuji,mass,resolved_vs_stable,neg_mf,0,11,11,,,,
heldout_split_stratified,mass,resolved_vs_stable,neg_mf,11,213,224,0.46911421911421913,0.2827855311532508,0.6765619102572582,142.0
heldout_pooled (split priors CONFOUND),calc,resolved_vs_stable,neg_mf,4,342,346,0.5869883040935673,,,
val,calc,resolved_vs_stable,neg_mf,0,19,19,,,,
test,calc,resolved_vs_stable,neg_mf,1,16,17,1.0,,,
GE,calc,resolved_vs_stable,neg_mf,3,281,284,0.4483985765124555,,,
fuji,calc,resolved_vs_stable,neg_mf,0,26,26,,,,
heldout_split_stratified,calc,resolved_vs_stable,neg_mf,4,342,346,0.4586728754365541,,,
heldout_pooled (split priors CONFOUND),asymmetry,resolved_vs_stable,neg_mf,83,173,256,0.48770805766418274,0.4150665560051181,0.5735507327669306,204.0
val,asymmetry,resolved_vs_stable,neg_mf,7,13,20,0.3516483516483517,0.058766968325791855,0.6666666666666666,19.0
test,asymmetry,resolved_vs_stable,neg_mf,11,23,34,0.33992094861660077,0.1363552807486631,0.5815277777777778,29.0
GE,asymmetry,resolved_vs_stable,neg_mf,65,132,197,0.5271561771561771,0.442379182445164,0.6155666704898691,151.0
fuji,asymmetry,resolved_vs_stable,neg_mf,0,5,5,,,,
heldout_split_stratified,asymmetry,resolved_vs_stable,neg_mf,83,173,256,0.520058269834155,0.4353802727959343,0.6006740571536289,204.0
heldout_pooled (split priors CONFOUND),distortion,resolved_vs_stable,neg_mf,5,3,8,0.0,,,
test,distortion,resolved_vs_stable,neg_mf,1,1,2,0.0,,,
GE,distortion,resolved_vs_stable,neg_mf,4,2,6,0.0,,,
heldout_split_stratified,distortion,resolved_vs_stable,neg_mf,5,3,8,0.0,,,
heldout_pooled (split priors CONFOUND),pooled,anychange_vs_stable,abs_mf,202,674,875,0.47209796713760577,0.4178657008537598,0.5289837574093332,545.0
val,pooled,anychange_vs_stable,abs_mf,28,38,66,0.4793233082706767,0.3190351382488479,0.6167621480265159,56.0
test,pooled,anychange_vs_stable,abs_mf,54,61,114,0.4259201979585524,0.30099535268652916,0.5484040530810279,83.0
GE,pooled,anychange_vs_stable,abs_mf,112,535,647,0.5009846461949266,0.43266953017636073,0.5700529691555949,375.0
fuji,pooled,anychange_vs_stable,abs_mf,8,40,48,0.484375,0.27952380952380956,0.6986894319131158,31.0
heldout_split_stratified,pooled,anychange_vs_stable,abs_mf,202,674,875,0.49678479012039606,0.4347213879562429,0.560085139625492,545.0
heldout_pooled (split priors CONFOUND),mass,anychange_vs_stable,abs_mf,38,213,251,0.5506548060291574,0.43874939892837517,0.6565414589903596,163.0
val,mass,anychange_vs_stable,abs_mf,4,6,10,0.625,,,
test,mass,anychange_vs_stable,abs_mf,6,25,31,0.74,0.39419642857142856,0.980787037037037,21.0
GE,mass,anychange_vs_stable,abs_mf,24,171,195,0.5007309941520468,0.3713891259349256,0.653456411089452,123.0
fuji,mass,anychange_vs_stable,abs_mf,4,11,15,0.75,,,
heldout_split_stratified,mass,anychange_vs_stable,abs_mf,38,213,251,0.5122628412771865,0.39428107412095026,0.6475104374937758,163.0
heldout_pooled (split priors CONFOUND),calc,anychange_vs_stable,abs_mf,21,342,363,0.48301308827624617,0.3387337115899528,0.6312801746276322,198.0
val,calc,anychange_vs_stable,abs_mf,7,19,26,0.43609022556390975,0.13330882352941176,0.7200555555555554,20.0
test,calc,anychange_vs_stable,abs_mf,5,16,21,0.5125,0.09332386363636364,0.8945423623995051,15.0
GE,calc,anychange_vs_stable,abs_mf,9,281,290,0.5852115460656386,0.3935201487550481,0.7923071789321788,148.0
fuji,calc,anychange_vs_stable,abs_mf,0,26,26,,,,
heldout_split_stratified,calc,anychange_vs_stable,abs_mf,21,342,363,0.5758570386579139,0.40526735567460154,0.7474962851040402,198.0
heldout_pooled (split priors CONFOUND),asymmetry,anychange_vs_stable,abs_mf,146,173,318,0.45258122383894756,0.38945216809940303,0.5209343828892008,244.0
val,asymmetry,anychange_vs_stable,abs_mf,17,13,30,0.4072398190045249,0.20535714285714285,0.6266944444444444,27.0
test,asymmetry,anychange_vs_stable,abs_mf,38,23,60,0.3607520564042303,0.1953811544991511,0.5274801587301587,46.0
GE,asymmetry,anychange_vs_stable,abs_mf,86,132,218,0.48784355179704014,0.404759169767396,0.5644855285833376,162.0
fuji,asymmetry,anychange_vs_stable,abs_mf,5,5,10,0.36,0.0,0.8333333333333334,9.0
heldout_split_stratified,asymmetry,anychange_vs_stable,abs_mf,146,173,318,0.47746806972447586,0.4044178201602469,0.5507235255163717,244.0
heldout_pooled (split priors CONFOUND),distortion,anychange_vs_stable,abs_mf,15,3,18,0.35555555555555557,,,
test,distortion,anychange_vs_stable,abs_mf,6,1,7,0.5,,,
GE,distortion,anychange_vs_stable,abs_mf,9,2,11,0.4444444444444444,,,
heldout_split_stratified,distortion,anychange_vs_stable,abs_mf,15,3,18,0.4583333333333333,,,
heldout_pooled (split priors CONFOUND),pooled,new_vs_notnew(silver),pos_mf,1322,863,2184,0.5133937190013023,0.485928817472644,0.5403835096635082,1505.0
val,pooled,new_vs_notnew(silver),pos_mf,231,66,297,0.5733307096943461,0.4860776685776686,0.6598402636916836,219.0
test,pooled,new_vs_notnew(silver),pos_mf,309,115,423,0.5143360018168398,0.445335341582874,0.5844876625650256,324.0
GE,pooled,new_vs_notnew(silver),pos_mf,687,634,1321,0.48342356241878237,0.45018794116124766,0.5151029220979143,856.0
fuji,pooled,new_vs_notnew(silver),pos_mf,95,48,143,0.655921052631579,0.557766361236277,0.7561356050263596,106.0
heldout_split_stratified,pooled,new_vs_notnew(silver),pos_mf,1322,863,2184,0.49004056340324914,0.4592031329398625,0.5207395483961801,1505.0
heldout_pooled (split priors CONFOUND),mass,new_vs_notnew(silver),pos_mf,264,251,515,0.5383466135458167,0.48434819401601675,0.5924854366153058,355.0
val,mass,new_vs_notnew(silver),pos_mf,57,10,67,0.6473684210526316,0.43747258771929826,0.816101318980304,53.0
test,mass,new_vs_notnew(silver),pos_mf,80,31,111,0.4153225806451613,0.28078025210084034,0.5498344936840789,83.0
GE,mass,new_vs_notnew(silver),pos_mf,115,195,310,0.5335117056856187,0.45922386834622203,0.599893240793515,199.0
fuji,mass,new_vs_notnew(silver),pos_mf,12,15,27,0.55,0.3019176136363636,0.7839699074074075,20.0
heldout_split_stratified,mass,new_vs_notnew(silver),pos_mf,264,251,515,0.5247320210485285,0.4585956432187718,0.5913514246623459,355.0
heldout_pooled (split priors CONFOUND),calc,new_vs_notnew(silver),pos_mf,324,363,687,0.5008247457742407,0.44819510618327324,0.5504400093530232,431.0
val,calc,new_vs_notnew(silver),pos_mf,67,26,93,0.6234213547646383,0.46605403252850436,0.7779551213144963,68.0
test,calc,new_vs_notnew(silver),pos_mf,77,21,98,0.588126159554731,0.42396263450950955,0.760768750051991,80.0
GE,calc,new_vs_notnew(silver),pos_mf,165,290,455,0.43791013584117033,0.37507398776377804,0.4964324319050521,256.0
fuji,calc,new_vs_notnew(silver),pos_mf,15,26,41,0.5435897435897435,0.3151298701298701,0.7552525252525252,27.0
heldout_split_stratified,calc,new_vs_notnew(silver),pos_mf,324,363,687,0.4496792573499486,0.3952806772077615,0.503242934562674,431.0
heldout_pooled (split priors CONFOUND),asymmetry,new_vs_notnew(silver),pos_mf,700,319,1018,0.5339802336028752,0.4947478161959665,0.5723798601026565,847.0
val,asymmetry,new_vs_notnew(silver),pos_mf,96,30,126,0.5368055555555555,0.43151534115895945,0.663079086100532,108.0
test,asymmetry,new_vs_notnew(silver),pos_mf,140,61,200,0.4980952380952381,0.40506249973604747,0.6117285913730464,164.0
GE,asymmetry,new_vs_notnew(silver),pos_mf,400,218,618,0.5296330275229357,0.47800181024216537,0.5762007832705529,512.0
fuji,asymmetry,new_vs_notnew(silver),pos_mf,64,10,74,0.6390625,0.38178302394404096,0.8551852157412754,63.0
heldout_split_stratified,asymmetry,new_vs_notnew(silver),pos_mf,700,319,1018,0.5278753026634382,0.48327367147422473,0.5692386328671715,847.0
heldout_pooled (split priors CONFOUND),distortion,new_vs_notnew(silver),pos_mf,104,18,122,0.4946581196581197,0.2980414019224503,0.7052762367082756,112.0
val,distortion,new_vs_notnew(silver),pos_mf,21,0,21,,,,
test,distortion,new_vs_notnew(silver),pos_mf,29,7,36,0.7438423645320197,0.461491935483871,0.9666666666666667,34.0
GE,distortion,new_vs_notnew(silver),pos_mf,44,11,55,0.30578512396694213,0.10664197530864199,0.5452480460269215,47.0
fuji,distortion,new_vs_notnew(silver),pos_mf,10,0,10,,,,
heldout_split_stratified,distortion,new_vs_notnew(silver),pos_mf,104,18,122,0.43522561863173215,0.2518370056273282,0.6643294769538549,112.0
